2015,1,ข้าวขาว100%ชั้น1,Asia,653000,26846027
2015,1,ข้าวขาว100%ชั้น1,Europe,58000,2209914
2015,1,ข้าวขาว100%ชั้น1,NorthAmerica,104940,3392326
2015,1,ข้าวขาว100%ชั้น1,Africa,161700,4853810
2015,1,ข้าวขาว100%ชั้น1,AustraliaandOceania,16000,543867
2015,1,ข้าวขาว100%ชั้น2,Asia,39503506,1334566501
2015,1,ข้าวขาว100%ชั้น2,Europe,14081721,461836936
2015,1,ข้าวขาว100%ชั้น2,NorthAmerica,33689359,1105611237
2015,1,ข้าวขาว100%ชั้น2,CenteralAmerica,390243,12455331
2015,1,ข้าวขาว100%ชั้น2,SouthAmerica,69478,2377643
2015,1,ข้าวขาว100%ชั้น2,Africa,12176783,384333013
2015,1,ข้าวขาว100%ชั้น2,AustraliaandOceania,6079313,202144685
2015,1,ข้าวขาว100%ชั้น3,Asia,1844888,59131685
2015,1,ข้าวขาว100%ชั้น3,Europe,60550,2010884
2015,1,ข้าวขาว100%ชั้น3,NorthAmerica,773754,24314865
2015,1,ข้าวขาว100%ชั้น3,CenteralAmerica,31204,1101106
2015,1,ข้าวขาว100%ชั้น3,AustraliaandOceania,93568,89720766
2015,1,ข้าวขาว5%,Asia,558800,16475075
2015,1,ข้าวขาว5%,Europe,92000,4157159
2015,1,ข้าวขาว5%,NorthAmerica,83536,2066768
2015,1,ข้าวขาว5%,AustraliaandOceania,26806,811647
2015,1,ข้าวขาวหักเอวันเลิศพิเศษ,Asia,365100,5495233
2015,1,ข้าวขาวหักเอวันเลิศพิเศษ,Europe,982879,19123368
2015,1,ข้าวขาวหักเอวันเลิศพิเศษ,NorthAmerica,3405,61151
2015,1,ข้าวขาวหักเอวันเลิศพิเศษ,SouthAmerica,13702,317628
2015,1,ข้าวขาวหักเอวันเลิศพิเศษ,Africa,25000,400488
2015,1,ข้าวขาวหักเอวันเลิศพิเศษ,AustraliaandOceania,2000,40490
2015,1,ข้าวขาวหักเอวันเลิศ,Asia,17000,238022
2015,1,ข้าวขาวหักเอวันเลิศ,Europe,629841,9648215
2015,1,ข้าวขาวหักเอวันเลิศ,NorthAmerica,464776,72054233
2015,1,ข้าวขาวหักเอวันเลิศ,Africa,38982250,471917491
2015,1,ข้าวขาวหักเอวันเลิศ,AustraliaandOceania,60980,965211
2015,2,ข้าวขาว100%ชั้น1,Asia,1033500,31847319
2015,2,ข้าวขาว100%ชั้น1,Europe,31000,1167976
2015,2,ข้าวขาว100%ชั้น1,NorthAmerica,209880,6698683
2015,2,ข้าวขาว100%ชั้น1,Africa,0,0
2015,2,ข้าวขาว100%ชั้น1,AustraliaandOceania,0,0
2015,2,ข้าวขาว100%ชั้น2,Asia,29688796,978317550
2015,2,ข้าวขาว100%ชั้น2,Europe,13495218,446279668
2015,2,ข้าวขาว100%ชั้น2,NorthAmerica,31883794,1060265877
2015,2,ข้าวขาว100%ชั้น2,CenteralAmerica,126090,4804660
2015,2,ข้าวขาว100%ชั้น2,SouthAmerica,132766,4414488
2015,2,ข้าวขาว100%ชั้น2,Africa,15639807,464335134
2015,2,ข้าวขาว100%ชั้น2,AustraliaandOceania,5318138,180478695
2015,2,ข้าวขาว100%ชั้น3,Asia,1344170,42992718
2015,2,ข้าวขาว100%ชั้น3,Europe,184204,6154943
2015,2,ข้าวขาว100%ชั้น3,NorthAmerica,1134088,35735721
2015,2,ข้าวขาว100%ชั้น3,CenteralAmerica,31291,1118834
2015,2,ข้าวขาว100%ชั้น3,Africa,20500,6689793
2015,2,ข้าวขาว100%ชั้น3,AustraliaandOceania,140819,4934182
2015,2,ข้าวขาว5%,Asia,557800,16474289
2015,2,ข้าวขาว5%,Europe,20000,1018117
2015,2,ข้าวขาว5%,NorthAmerica,268703,7082138
2015,2,ข้าวขาว5%,AustraliaandOceania,0,0
2015,2,ข้าวขาวหักเอวันเลิศพิเศษ,Asia,2482250,38524750
2015,2,ข้าวขาวหักเอวันเลิศพิเศษ,Europe,1366241,25491880
2015,2,ข้าวขาวหักเอวันเลิศพิเศษ,NorthAmerica,2724,105198
2015,2,ข้าวขาวหักเอวันเลิศพิเศษ,SouthAmerica,19200,418865
2015,2,ข้าวขาวหักเอวันเลิศพิเศษ,Africa,2007000,27823601
2015,2,ข้าวขาวหักเอวันเลิศพิเศษ,AustraliaandOceania,52000,960497
2015,2,ข้าวขาวหักเอวันเลิศ,Asia,5500,89730
2015,2,ข้าวขาวหักเอวันเลิศ,Europe,894537,12826311
2015,2,ข้าวขาวหักเอวันเลิศ,NorthAmerica,455151,6744831
2015,2,ข้าวขาวหักเอวันเลิศ,Africa,41657390,486427869
2015,2,ข้าวขาวหักเอวันเลิศ,AustraliaandOceania,58699,887248
2015,3,ข้าวขาว100%ชั้น1,Asia,1081000,36231657
2015,3,ข้าวขาว100%ชั้น1,Europe,0,0
2015,3,ข้าวขาว100%ชั้น1,NorthAmerica,104940,3349341
2015,3,ข้าวขาว100%ชั้น1,Africa,0,0
2015,3,ข้าวขาว100%ชั้น1,AustraliaandOceania,0,0
2015,3,ข้าวขาว100%ชั้น2,Asia,42552977,1379003058
2015,3,ข้าวขาว100%ชั้น2,Europe,9961474,337459496
2015,3,ข้าวขาว100%ชั้น2,NorthAmerica,43727364,1428048429
2015,3,ข้าวขาว100%ชั้น2,CenteralAmerica,96647,3254699
2015,3,ข้าวขาว100%ชั้น2,SouthAmerica,62327,2124565
2015,3,ข้าวขาว100%ชั้น2,Africa,18021351,532833300
2015,3,ข้าวขาว100%ชั้น2,AustraliaandOceania,6098447,208144323
2015,3,ข้าวขาว100%ชั้น3,Asia,1219418,37888412
2015,3,ข้าวขาว100%ชั้น3,Europe,162730,5375704
2015,3,ข้าวขาว100%ชั้น3,NorthAmerica,1050940,33452206
2015,3,ข้าวขาว100%ชั้น3,CenteralAmerica,47551,1675312
2015,3,ข้าวขาว100%ชั้น3,Africa,17000,530642
2015,3,ข้าวขาว100%ชั้น3,AustraliaandOceania,204537,6595954
2015,3,ข้าวขาว5%,Asia,679800,20027201
2015,3,ข้าวขาว5%,Europe,85000,3902873
2015,3,ข้าวขาว5%,NorthAmerica,588639,15789123
2015,3,ข้าวขาว5%,AustraliaandOceania,17827,541309
2015,3,ข้าวขาวหักเอวันเลิศพิเศษ,Asia,5190500,85249521
2015,3,ข้าวขาวหักเอวันเลิศพิเศษ,Europe,902524,16259747
2015,3,ข้าวขาวหักเอวันเลิศพิเศษ,NorthAmerica,0,0
2015,3,ข้าวขาวหักเอวันเลิศพิเศษ,SouthAmerica,0,0
2015,3,ข้าวขาวหักเอวันเลิศพิเศษ,Africa,4005000,607338664
2015,3,ข้าวขาวหักเอวันเลิศพิเศษ,AustraliaandOceania,74500,1323105
2015,3,ข้าวขาวหักเอวันเลิศ,Asia,6500,83885
2015,3,ข้าวขาวหักเอวันเลิศ,Europe,835034,14092099
2015,3,ข้าวขาวหักเอวันเลิศ,NorthAmerica,391910,6016558
2015,3,ข้าวขาวหักเอวันเลิศ,Africa,51796518,616924377
2015,3,ข้าวขาวหักเอวันเลิศ,AustraliaandOceania,74250,1103361
2015,4,ข้าวขาว100%ชั้น1,Asia,21500,696333
2015,4,ข้าวขาว100%ชั้น1,Europe,514250,24889332
2015,4,ข้าวขาว100%ชั้น1,NorthAmerica,0,0
2015,4,ข้าวขาว100%ชั้น1,Africa,0,0
2015,4,ข้าวขาว100%ชั้น1,AustraliaandOceania,0,0
2015,4,ข้าวขาว100%ชั้น2,Asia,30711328,1003055911
2015,4,ข้าวขาว100%ชั้น2,Europe,9777403,328734898
2015,4,ข้าวขาว100%ชั้น2,NorthAmerica,41981820,1339452367
2015,4,ข้าวขาว100%ชั้น2,CenteralAmerica,98641,3411613
2015,4,ข้าวขาว100%ชั้น2,SouthAmerica,78259,2759720
2015,4,ข้าวขาว100%ชั้น2,Africa,7891697,235523273
2015,4,ข้าวขาว100%ชั้น2,AustraliaandOceania,6135506,207666074
2015,4,ข้าวขาว100%ชั้น3,Asia,849871,27225807
2015,4,ข้าวขาว100%ชั้น3,Europe,105950,3464701
2015,4,ข้าวขาว100%ชั้น3,NorthAmerica,1017845,31880480
2015,4,ข้าวขาว100%ชั้น3,CenteralAmerica,0,0
2015,4,ข้าวขาว100%ชั้น3,Africa,258830,8795276
2015,4,ข้าวขาว100%ชั้น3,AustraliaandOceania,245738,8095317
2015,4,ข้าวขาว5%,Asia,576700,17467803
2015,4,ข้าวขาว5%,Europe,0,0
2015,4,ข้าวขาว5%,NorthAmerica,275805,7248975
2015,4,ข้าวขาว5%,AustraliaandOceania,10224,295297
2015,4,ข้าวขาวหักเอวันเลิศพิเศษ,Asia,46660500,76200437
2015,4,ข้าวขาวหักเอวันเลิศพิเศษ,Europe,854695,16109397
2015,4,ข้าวขาวหักเอวันเลิศพิเศษ,NorthAmerica,0,0
2015,4,ข้าวขาวหักเอวันเลิศพิเศษ,SouthAmerica,8046,183887
2015,4,ข้าวขาวหักเอวันเลิศพิเศษ,Africa,394980,5596479
2015,4,ข้าวขาวหักเอวันเลิศพิเศษ,AustraliaandOceania,5000,121697
2015,4,ข้าวขาวหักเอวันเลิศ,Asia,758000,10501321
2015,4,ข้าวขาวหักเอวันเลิศ,Europe,421400,6552700
2015,4,ข้าวขาวหักเอวันเลิศ,NorthAmerica,249641,3839241
2015,4,ข้าวขาวหักเอวันเลิศ,Africa,27595000,316730390
2015,4,ข้าวขาวหักเอวันเลิศ,AustraliaandOceania,24200,406478
2015,5,ข้าวขาว100%ชั้น1,Asia,43000,1379771
2015,5,ข้าวขาว100%ชั้น1,Europe,96000,4120600
2015,5,ข้าวขาว100%ชั้น1,NorthAmerica,0,0
2015,5,ข้าวขาว100%ชั้น1,Africa,0,0
2015,5,ข้าวขาว100%ชั้น1,AustraliaandOceania,0,0
2015,5,ข้าวขาว100%ชั้น2,Asia,33905865,1097697009
2015,5,ข้าวขาว100%ชั้น2,Europe,9571726,318591647
2015,5,ข้าวขาว100%ชั้น2,NorthAmerica,34440097,1112861650
2015,5,ข้าวขาว100%ชั้น2,CenteralAmerica,176279,6156886
2015,5,ข้าวขาว100%ชั้น2,SouthAmerica,113174,3900710
2015,5,ข้าวขาว100%ชั้น2,Africa,15881039,469109999
2015,5,ข้าวขาว100%ชั้น2,AustraliaandOceania,4867035,162433814
2015,5,ข้าวขาว100%ชั้น3,Asia,1565490,49533560
2015,5,ข้าวขาว100%ชั้น3,Europe,107880,3512731
2015,5,ข้าวขาว100%ชั้น3,NorthAmerica,835504,26681217
2015,5,ข้าวขาว100%ชั้น3,CenteralAmerica,15717,559571
2015,5,ข้าวขาว100%ชั้น3,Africa,0,0
2015,5,ข้าวขาว100%ชั้น3,AustraliaandOceania,153534,4993503
2015,5,ข้าวขาว5%,Asia,283400,8724103
2015,5,ข้าวขาว5%,Europe,85000,3352541
2015,5,ข้าวขาว5%,NorthAmerica,223705,5815601
2015,5,ข้าวขาว5%,Africa,48000,1492815
2015,5,ข้าวขาว5%,AustraliaandOceania,0,0
2015,5,ข้าวขาวหักเอวันเลิศพิเศษ,Asia,2481500,38235073
2015,5,ข้าวขาวหักเอวันเลิศพิเศษ,Europe,900312,16093
2015,5,ข้าวขาวหักเอวันเลิศพิเศษ,NorthAmerica,0,0
2015,5,ข้าวขาวหักเอวันเลิศพิเศษ,SouthAmerica,10543,226347
2015,5,ข้าวขาวหักเอวันเลิศพิเศษ,Africa,4148155,60636603
2015,5,ข้าวขาวหักเอวันเลิศพิเศษ,AustraliaandOceania,30210,597292
2015,5,ข้าวขาวหักเอวันเลิศ,Asia,754000,11178787
2015,5,ข้าวขาวหักเอวันเลิศ,Europe,597445,9499180
2015,5,ข้าวขาวหักเอวันเลิศ,NorthAmerica,349803,5417961
2015,5,ข้าวขาวหักเอวันเลิศ,Africa,73251465,832746512
2015,5,ข้าวขาวหักเอวันเลิศ,AustraliaandOceania,66660,1016363
2015,6,ข้าวขาว100%ชั้น1,Asia,324000,12518825
2015,6,ข้าวขาว100%ชั้น1,Europe,23000,752667
2015,6,ข้าวขาว100%ชั้น1,NorthAmerica,0,0
2015,6,ข้าวขาว100%ชั้น1,Africa,0,0
2015,6,ข้าวขาว100%ชั้น1,AustraliaandOceania,0,0
2015,6,ข้าวขาว100%ชั้น2,Asia,33650016,1097487408
2015,6,ข้าวขาว100%ชั้น2,Europe,8130085,272416079
2015,6,ข้าวขาว100%ชั้น2,NorthAmerica,33215222,1081112033
2015,6,ข้าวขาว100%ชั้น2,CenteralAmerica,370134,11413496
2015,6,ข้าวขาว100%ชั้น2,SouthAmerica,56104,1924590
2015,6,ข้าวขาว100%ชั้น2,Africa,10451207,314742749
2015,6,ข้าวขาว100%ชั้น2,AustraliaandOceania,7915417,259525817
2015,6,ข้าวขาว100%ชั้น3,Asia,924373,28751725
2015,6,ข้าวขาว100%ชั้น3,Europe,182950,6137485
2015,6,ข้าวขาว100%ชั้น3,NorthAmerica,534928,17844902
2015,6,ข้าวขาว100%ชั้น3,CenteralAmerica,15708,548765
2015,6,ข้าวขาว100%ชั้น3,Africa,32000,1087549
2015,6,ข้าวขาว100%ชั้น3,AustraliaandOceania,351717,11788731
2015,6,ข้าวขาว5%,Asia,1132550,34924347
2015,6,ข้าวขาว5%,Europe,0,0
2015,6,ข้าวขาว5%,NorthAmerica,258993,7063708
2015,6,ข้าวขาว5%,Africa,48000,1528258
2015,6,ข้าวขาว5%,AustraliaandOceania,6680,195289
2015,6,ข้าวขาวหักเอวันเลิศพิเศษ,Asia,1901500,28240114
2015,6,ข้าวขาวหักเอวันเลิศพิเศษ,Europe,928128,15842844
2015,6,ข้าวขาวหักเอวันเลิศพิเศษ,NorthAmerica,3292,58206
2015,6,ข้าวขาวหักเอวันเลิศพิเศษ,SouthAmerica,9550,205238
2015,6,ข้าวขาวหักเอวันเลิศพิเศษ,Africa,0,0
2015,6,ข้าวขาวหักเอวันเลิศพิเศษ,AustraliaandOceania,4875,99287
2015,6,ข้าวขาวหักเอวันเลิศ,Asia,507500,6098133
2015,6,ข้าวขาวหักเอวันเลิศ,Europe,743429,10651645
2015,6,ข้าวขาวหักเอวันเลิศ,NorthAmerica,398976,5762308
2015,6,ข้าวขาวหักเอวันเลิศ,Africa,26976020,294110323
2015,6,ข้าวขาวหักเอวันเลิศ,AustraliaandOceania,26200,391306
2015,7,ข้าวขาว100%ชั้น1,Asia,1057484,33194042
2015,7,ข้าวขาว100%ชั้น1,Europe,0,0
2015,7,ข้าวขาว100%ชั้น1,NorthAmerica,0,0
2015,7,ข้าวขาว100%ชั้น1,Africa,0,0
2015,7,ข้าวขาว100%ชั้น1,AustraliaandOceania,0,0
2015,7,ข้าวขาว100%ชั้น2,Asia,27305525,910446924
2015,7,ข้าวขาว100%ชั้น2,Europe,8503926,283103365
2015,7,ข้าวขาว100%ชั้น2,NorthAmerica,30430780,997796186
2015,7,ข้าวขาว100%ชั้น2,CenteralAmerica,578215,17991633
2015,7,ข้าวขาว100%ชั้น2,SouthAmerica,85250,2954543
2015,7,ข้าวขาว100%ชั้น2,Africa,15085470,431766707
2015,7,ข้าวขาว100%ชั้น2,AustraliaandOceania,5259954,175157904
2015,7,ข้าวขาว100%ชั้น3,Asia,804031,25625120
2015,7,ข้าวขาว100%ชั้น3,Europe,223060,7389286
2015,7,ข้าวขาว100%ชั้น3,NorthAmerica,570904,18536859
2015,7,ข้าวขาว100%ชั้น3,CenteralAmerica,16900,611506
2015,7,ข้าวขาว100%ชั้น3,Africa,0,0
2015,7,ข้าวขาว100%ชั้น3,AustraliaandOceania,269899,9135024
2015,7,ข้าวขาว5%,Asia,676800,21581031
2015,7,ข้าวขาว5%,Europe,0,0
2015,7,ข้าวขาว5%,NorthAmerica,78192,2464513
2015,7,ข้าวขาว5%,Africa,48000,1537665
2015,7,ข้าวขาว5%,AustraliaandOceania,807536,25716876
2015,7,ข้าวขาวหักเอวันเลิศพิเศษ,Asia,5886500,89568127
2015,7,ข้าวขาวหักเอวันเลิศพิเศษ,Europe,889766,15475234
2015,7,ข้าวขาวหักเอวันเลิศพิเศษ,NorthAmerica,0,0
2015,7,ข้าวขาวหักเอวันเลิศพิเศษ,SouthAmerica,15250,326236
2015,7,ข้าวขาวหักเอวันเลิศพิเศษ,Africa,200000,2657840
2015,7,ข้าวขาวหักเอวันเลิศพิเศษ,AustraliaandOceania,50597,919909
2015,7,ข้าวขาวหักเอวันเลิศ,Asia,1264750,15290475
2015,7,ข้าวขาวหักเอวันเลิศ,Europe,978464,16217475
2015,7,ข้าวขาวหักเอวันเลิศ,NorthAmerica,296734,4422992
2015,7,ข้าวขาวหักเอวันเลิศ,Africa,20844620,238163251
2015,7,ข้าวขาวหักเอวันเลิศ,AustraliaandOceania,72900,1084674
2015,8,ข้าวขาว100%ชั้น1,Asia,1291901,41723822
2015,8,ข้าวขาว100%ชั้น1,Europe,33000,1281009
2015,8,ข้าวขาว100%ชั้น1,NorthAmerica,0,0
2015,8,ข้าวขาว100%ชั้น1,Africa,0,0
2015,8,ข้าวขาว100%ชั้น1,AustraliaandOceania,0,0
2015,8,ข้าวขาว100%ชั้น2,Asia,36491658,1194813408
2015,8,ข้าวขาว100%ชั้น2,Europe,10332982,353442069
2015,8,ข้าวขาว100%ชั้น2,NorthAmerica,31204378,1030322980
2015,8,ข้าวขาว100%ชั้น2,CenteralAmerica,201885,6779730
2015,8,ข้าวขาว100%ชั้น2,SouthAmerica,125310,4328394
2015,8,ข้าวขาว100%ชั้น2,Africa,13475088,417432985
2015,8,ข้าวขาว100%ชั้น2,AustraliaandOceania,6784199,226570925
2015,8,ข้าวขาว100%ชั้น3,Asia,1045080,33675608
2015,8,ข้าวขาว100%ชั้น3,Europe,53350,1893248
2015,8,ข้าวขาว100%ชั้น3,NorthAmerica,645625,21163718
2015,8,ข้าวขาว100%ชั้น3,CenteralAmerica,0,0
2015,8,ข้าวขาว100%ชั้น3,Africa,3000,99534
2015,8,ข้าวขาว100%ชั้น3,AustraliaandOceania,227825,8049219
2015,8,ข้าวขาว5%,Asia,8000,457422
2015,8,ข้าวขาว5%,Europe,30000,1353279
2015,8,ข้าวขาว5%,NorthAmerica,194700,5196954
2015,8,ข้าวขาว5%,Africa,0,0
2015,8,ข้าวขาว5%,AustraliaandOceania,0,0
2015,8,ข้าวขาวหักเอวันเลิศพิเศษ,Asia,4607500,71960789
2015,8,ข้าวขาวหักเอวันเลิศพิเศษ,Europe,1176245,19636636
2015,8,ข้าวขาวหักเอวันเลิศพิเศษ,NorthAmerica,1000,41045
2015,8,ข้าวขาวหักเอวันเลิศพิเศษ,SouthAmerica,8250,163160
2015,8,ข้าวขาวหักเอวันเลิศพิเศษ,Africa,200000,2674200
2015,8,ข้าวขาวหักเอวันเลิศพิเศษ,AustraliaandOceania,150,2357
2015,8,ข้าวขาวหักเอวันเลิศ,Asia,18500,288034
2015,8,ข้าวขาวหักเอวันเลิศ,Europe,1262743,19742872
2015,8,ข้าวขาวหักเอวันเลิศ,NorthAmerica,471602,7226276
2015,8,ข้าวขาวหักเอวันเลิศ,Africa,42696588,501621196
2015,8,ข้าวขาวหักเอวันเลิศ,AustraliaandOceania,70900,1099323
2015,9,ข้าวขาว100%ชั้น1,Asia,1194929,38696804
2015,9,ข้าวขาว100%ชั้น1,Europe,0,0
2015,9,ข้าวขาว100%ชั้น1,NorthAmerica,0,0
2015,9,ข้าวขาว100%ชั้น1,Africa,0,0
2015,9,ข้าวขาว100%ชั้น1,AustraliaandOceania,0,0
2015,9,ข้าวขาว100%ชั้น2,Asia,30471503,1051673157
2015,9,ข้าวขาว100%ชั้น2,Europe,9244705,314060013
2015,9,ข้าวขาว100%ชั้น2,NorthAmerica,32678129,1085571679
2015,9,ข้าวขาว100%ชั้น2,CenteralAmerica,233885,10642697
2015,9,ข้าวขาว100%ชั้น2,SouthAmerica,50697,1784921
2015,9,ข้าวขาว100%ชั้น2,Africa,19984838,623753526
2015,9,ข้าวขาว100%ชั้น2,AustraliaandOceania,6526248,223489550
2015,9,ข้าวขาว100%ชั้น3,Asia,873235,28336812
2015,9,ข้าวขาว100%ชั้น3,Europe,296050,9966610
2015,9,ข้าวขาว100%ชั้น3,NorthAmerica,636963,22341264
2015,9,ข้าวขาว100%ชั้น3,CenteralAmerica,51185,1928066
2015,9,ข้าวขาว100%ชั้น3,Africa,0,0
2015,9,ข้าวขาว100%ชั้น3,AustraliaandOceania,284039,9709711
2015,9,ข้าวขาว5%,Asia,851100,26383533
2015,9,ข้าวขาว5%,Europe,0,0
2015,9,ข้าวขาว5%,NorthAmerica,85352,2277130
2015,9,ข้าวขาว5%,Africa,96000,3183609
2015,9,ข้าวขาว5%,AustraliaandOceania,0,0
2015,9,ข้าวขาวหักเอวันเลิศพิเศษ,Asia,158000,2431411
2015,9,ข้าวขาวหักเอวันเลิศพิเศษ,Europe,1180959,20678454
2015,9,ข้าวขาวหักเอวันเลิศพิเศษ,NorthAmerica,0,0
2015,9,ข้าวขาวหักเอวันเลิศพิเศษ,SouthAmerica,12600,267338
2015,9,ข้าวขาวหักเอวันเลิศพิเศษ,Africa,325000,4890428
2015,9,ข้าวขาวหักเอวันเลิศพิเศษ,AustraliaandOceania,51960,962866
2015,9,ข้าวขาวหักเอวันเลิศ,Asia,267500,3859115
2015,9,ข้าวขาวหักเอวันเลิศ,Europe,996230,15120671
2015,9,ข้าวขาวหักเอวันเลิศ,NorthAmerica,341865,5450305
2015,9,ข้าวขาวหักเอวันเลิศ,Africa,54690680,681030399
2015,9,ข้าวขาวหักเอวันเลิศ,AustraliaandOceania,67540,1091336
2015,10,ข้าวขาว100%ชั้น1,Asia,73140,2509801
2015,10,ข้าวขาว100%ชั้น1,Europe,14250,655300
2015,10,ข้าวขาว100%ชั้น1,NorthAmerica,0,0
2015,10,ข้าวขาว100%ชั้น1,Africa,0,0
2015,10,ข้าวขาว100%ชั้น1,AustraliaandOceania,0,0
2015,10,ข้าวขาว100%ชั้น2,Asia,25537353,869384674
2015,10,ข้าวขาว100%ชั้น2,Europe,7529911,263947170
2015,10,ข้าวขาว100%ชั้น2,NorthAmerica,37158205,1257089844
2015,10,ข้าวขาว100%ชั้น2,CenteralAmerica,137403,4944337
2015,10,ข้าวขาว100%ชั้น2,SouthAmerica,38439,1362073
2015,10,ข้าวขาว100%ชั้น2,Africa,13088465,407200089
2015,10,ข้าวขาว100%ชั้น2,AustraliaandOceania,5165519,180052254
2015,10,ข้าวขาว100%ชั้น3,Asia,1206943,38710792
2015,10,ข้าวขาว100%ชั้น3,Europe,311400,10760563
2015,10,ข้าวขาว100%ชั้น3,NorthAmerica,158313,5347272
2015,10,ข้าวขาว100%ชั้น3,CenteralAmerica,17103,637701
2015,10,ข้าวขาว100%ชั้น3,Africa,0,0
2015,10,ข้าวขาว100%ชั้น3,AustraliaandOceania,142707,5338370
2015,10,ข้าวขาว5%,Asia,860200,27366684
2015,10,ข้าวขาว5%,Europe,20000,1109604
2015,10,ข้าวขาว5%,NorthAmerica,209532,5542830
2015,10,ข้าวขาว5%,Africa,48000,1610215
2015,10,ข้าวขาว5%,AustraliaandOceania,41796,1467817
2015,10,ข้าวขาวหักเอวันเลิศพิเศษ,Asia,167500,2716699
2015,10,ข้าวขาวหักเอวันเลิศพิเศษ,Europe,932636,16603017
2015,10,ข้าวขาวหักเอวันเลิศพิเศษ,NorthAmerica,0,0
2015,10,ข้าวขาวหักเอวันเลิศพิเศษ,SouthAmerica,5150,108679
2015,10,ข้าวขาวหักเอวันเลิศพิเศษ,Africa,112500,1850492
2015,10,ข้าวขาวหักเอวันเลิศพิเศษ,AustraliaandOceania,42900,847988
2015,10,ข้าวขาวหักเอวันเลิศ,Asia,2000,44868
2015,10,ข้าวขาวหักเอวันเลิศ,Europe,920813,15178918
2015,10,ข้าวขาวหักเอวันเลิศ,NorthAmerica,384967,5997120
2015,10,ข้าวขาวหักเอวันเลิศ,Africa,33095005,400354658
2015,10,ข้าวขาวหักเอวันเลิศ,AustraliaandOceania,11250,178156
2015,11,ข้าวขาว100%ชั้น1,Asia,1132081,38395349
2015,11,ข้าวขาว100%ชั้น1,Europe,46250,1818216
2015,11,ข้าวขาว100%ชั้น1,NorthAmerica,419760,13405306
2015,11,ข้าวขาว100%ชั้น1,Africa,24000,816593
2015,11,ข้าวขาว100%ชั้น1,AustraliaandOceania,0,0
2015,11,ข้าวขาว100%ชั้น2,Asia,50683727,1637683110
2015,11,ข้าวขาว100%ชั้น2,Europe,15264612,521034215
2015,11,ข้าวขาว100%ชั้น2,NorthAmerica,39255222,1315650945
2015,11,ข้าวขาว100%ชั้น2,CenteralAmerica,130647,4416202
2015,11,ข้าวขาว100%ชั้น2,SouthAmerica,76109,2642360
2015,11,ข้าวขาว100%ชั้น2,Africa,9810440,313946916
2015,11,ข้าวขาว100%ชั้น2,AustraliaandOceania,7679881,257838288
2015,11,ข้าขาว100%ชั้น3,Asia,908380,28888015
2015,11,ข้าขาว100%ชั้น3,Europe,433888,14348924
2015,11,ข้าขาว100%ชั้น3,NorthAmerica,288873,9565618
2015,11,ข้าขาว100%ชั้น3,CenteralAmerica,17052,631157
2015,11,ข้าขาว100%ชั้น3,Africa,46100,1582095
2015,11,ข้าขาว100%ชั้น3,AustraliaandOceania,274491,8580440
2015,11,ข้าวขาว5%,Asia,614750,19031553
2015,11,ข้าวขาว5%,Europe,0,0
2015,11,ข้าวขาว5%,NorthAmerica,337998,8724511
2015,11,ข้าวขาว5%,Africa,0,0
2015,11,ข้าวขาว5%,AustraliaandOceania,0,0
2015,11,ข้าวขาวหักเอวันเลิศพิเศษ,Asia,27000,452178
2015,11,ข้าวขาวหักเอวันเลิศพิเศษ,Europe,1141482,20583698
2015,11,ข้าวขาวหักเอวันเลิศพิเศษ,NorthAmerica,0,0
2015,11,ข้าวขาวหักเอวันเลิศพิเศษ,SouthAmerica,14400,302838
2015,11,ข้าวขาวหักเอวันเลิศพิเศษ,Africa,2125980,29675916
2015,11,ข้าวขาวหักเอวันเลิศพิเศษ,AustraliaandOceania,114300,2195959
2015,11,ข้าวขาวหักเอวันเลิศ,Asia,11000,181290
2015,11,ข้าวขาวหักเอวันเลิศ,Europe,820140,12860728
2015,11,ข้าวขาวหักเอวันเลิศ,NorthAmerica,401264,6457531
2015,11,ข้าวขาวหักเอวันเลิศ,Africa,46070968,583313268
2015,11,ข้าวขาวหักเอวันเลิศ,AustraliaandOceania,54548,860995
2015,12,ข้าวขาว100%ชั้น1,Asia,4613936,138717400
2015,12,ข้าวขาว100%ชั้น1,Europe,64000,2369129
2015,12,ข้าวขาว100%ชั้น1,NorthAmerica,209853,6729633
2015,12,ข้าวขาว100%ชั้น1,Africa,0,0
2015,12,ข้าวขาว100%ชั้น1,AustraliaandOceania,21500,936661
2015,12,ข้าวขาว100%ชั้น2,Asia,104315906,3147056455
2015,12,ข้าวขาว100%ชั้น2,Europe,16551552,532340627
2015,12,ข้าวขาว100%ชั้น2,NorthAmerica,43685691,1368094123
2015,12,ข้าวขาว100%ชั้น2,CenteralAmerica,206822,6698842
2015,12,ข้าวขาว100%ชั้น2,SouthAmerica,117585,3854197
2015,12,ข้าวขาว100%ชั้น2,Africa,13829989,429250582
2015,12,ข้าวขาว100%ชั้น2,AustraliaandOceania,8882803,282099272
2015,12,ข้าวขาว100%ชั้น3,Asia,1398743,42731286
2015,12,ข้าวขาว100%ชั้น3,Europe,357962,11827996
2015,12,ข้าวขาว100%ชั้น3,NorthAmerica,311322,9927757
2015,12,ข้าวขาว100%ชั้น3,CenteralAmerica,34138,1235925
2015,12,ข้าวขาว100%ชั้น3,Africa,500,19610
2015,12,ข้าวขาว100%ชั้น3,AustraliaandOceania,355120,11207297
2015,12,ข้าวขาว5%,Asia,399400,13079743
2015,12,ข้าวขาว5%,Europe,23000,1268967
2015,12,ข้าวขาว5%,NorthAmerica,241709,5847392
2015,12,ข้าวขาว5%,Africa,0,0
2015,12,ข้าวขาว5%,AustraliaandOceania,55566,1536330
2015,12,ข้าวขาวหักเอวันเลิศพิเศษ,Asia,2471125,38776401
2015,12,ข้าวขาวหักเอวันเลิศพิเศษ,Europe,1084980,18112209
2015,12,ข้าวขาวหักเอวันเลิศพิเศษ,NorthAmerica,0,0
2015,12,ข้าวขาวหักเอวันเลิศพิเศษ,SouthAmerica,10750,230005
2015,12,ข้าวขาวหักเอวันเลิศพิเศษ,Africa,49950,700838
2015,12,ข้าวขาวหักเอวันเลิศพิเศษ,AustraliaandOceania,12750,263418
2015,12,ข้าวขาวหักเอวันเลิศ,Asia,5000,92332
2015,12,ข้าวขาวหักเอวันเลิศ,Europe,926021,14638689
2015,12,ข้าวขาวหักเอวันเลิศ,NorthAmerica,275201,4626551
2015,12,ข้าวขาวหักเอวันเลิศ,Africa,24656045,309375013
2015,12,ข้าวขาวหักเอวันเลิศ,AustraliaandOceania,95960,1544045
